{
  "annotations": {
    "list": [
      {
        "builtIn": 1,
        "datasource": {
          "type": "datasource",
          "uid": "grafana"
        },
        "enable": true,
        "hide": true,
        "iconColor": "rgba(0, 211, 255, 1)",
        "name": "Annotations & Alerts",
        "target": {
          "limit": 100,
          "matchAny": false,
          "tags": [],
          "type": "dashboard"
        },
        "type": "dashboard"
      }
    ]
  },
  "description": "",
  "editable": false,
  "fiscalYearStartMonth": 0,
  "graphTooltip": 1,
  "iteration": 1740487115678,
  "links": [
    {
      "asDropdown": true,
      "icon": "external link",
      "includeVars": true,
      "keepTime": true,
      "tags": [
        "cdot"
      ],
      "targetBlank": false,
      "title": "Related Dashboards",
      "tooltip": "",
      "type": "dashboards",
      "url": ""
    }
  ],
  "liveNow": false,
  "panels": [
    {
      "description": "Average latency in microseconds for the WAFL filesystem to process all the operations on the volume; not including request processing or network communication time.",
      "fieldConfig": {
        "defaults": {
          "color": {
            "mode": "palette-classic"
          },
          "custom": {
            "axisLabel": "",
            "axisPlacement": "auto",
            "barAlignment": 0,
            "drawStyle": "line",
            "fillOpacity": 10,
            "gradientMode": "none",
            "hideFrom": {
              "legend": false,
              "tooltip": false,
              "viz": false
            },
            "lineInterpolation": "linear",
            "lineWidth": 1,
            "pointSize": 5,
            "scaleDistribution": {
              "type": "linear"
            },
            "showPoints": "auto",
            "spanNulls": true,
            "stacking": {
              "group": "A",
              "mode": "none"
            },
            "thresholdsStyle": {
              "mode": "off"
            }
          },
          "mappings": [],
          "thresholds": {
            "mode": "absolute",
            "steps": [
              {
                "color": "green",
                "value": null
              }
            ]
          },
          "unit": "none"
        },
        "overrides": []
      },
      "gridPos": {
        "h": 13,
        "w": 11,
        "x": 0,
        "y": 0
      },
      "id": 10,
      "options": {
        "legend": {
          "calcs": [
            "mean",
            "lastNotNull",
            "max"
          ],
          "displayMode": "table",
          "placement": "bottom",
          "showLegend": true
        },
        "tooltip": {
          "mode": "single",
          "sort": "none"
        }
      },
      "pluginVersion": "8.1.8",
      "targets": [
        {
          "datasource": {
            "type": "prometheus",
            "uid": "prometheus"
          },
          "editorMode": "code",
          "exemplar": false,
          "expr": "avg(aws_fsx_disk_read_operations_average{dimension_FileSystemId=~\"$Cluster\"}) by (dimension_FileSystemId) /60",
          "interval": "",
          "legendFormat": "{{dimension_FileSystemId}}_read_operations",
          "range": true,
          "refId": "A"
        },
        {
          "datasource": {
            "type": "prometheus",
            "uid": "prometheus"
          },
          "editorMode": "code",
          "exemplar": true,
          "expr": "avg(aws_fsx_disk_write_operations_average{dimension_FileSystemId=~\"$Cluster\"}) by (dimension_FileSystemId) /60",
          "hide": false,
          "instant": false,
          "interval": "",
          "legendFormat": "{{dimension_FileSystemId}}_write_operations",
          "range": true,
          "refId": "B"
        },
        {
          "datasource": {
            "type": "prometheus",
            "uid": "prometheus"
          },
          "editorMode": "code",
          "exemplar": true,
          "expr": "sum(aws_fsx_disk_write_operations_average{dimension_FileSystemId=~\"$Cluster\"} + aws_fsx_disk_read_operations_average{dimension_FileSystemId=~\"$Cluster\"}) by (dimension_FileSystemId) /60",
          "hide": false,
          "instant": false,
          "interval": "",
          "legendFormat": "{{dimension_FileSystemId}}_sum_operations",
          "range": true,
          "refId": "C"
        }
      ],
      "title": "Disk Operations",
      "transformations": [],
      "type": "timeseries"
    },
    {
      "description": "Average latency in microseconds for the WAFL filesystem to process all the operations on the volume; not including request processing or network communication time.",
      "fieldConfig": {
        "defaults": {
          "color": {
            "mode": "palette-classic"
          },
          "custom": {
            "axisLabel": "",
            "axisPlacement": "auto",
            "barAlignment": 0,
            "drawStyle": "line",
            "fillOpacity": 10,
            "gradientMode": "none",
            "hideFrom": {
              "legend": false,
              "tooltip": false,
              "viz": false
            },
            "lineInterpolation": "linear",
            "lineWidth": 1,
            "pointSize": 5,
            "scaleDistribution": {
              "type": "linear"
            },
            "showPoints": "auto",
            "spanNulls": true,
            "stacking": {
              "group": "A",
              "mode": "none"
            },
            "thresholdsStyle": {
              "mode": "off"
            }
          },
          "mappings": [],
          "thresholds": {
            "mode": "absolute",
            "steps": [
              {
                "color": "green",
                "value": null
              }
            ]
          },
          "unit": "none"
        },
        "overrides": []
      },
      "gridPos": {
        "h": 13,
        "w": 13,
        "x": 11,
        "y": 0
      },
      "id": 11,
      "options": {
        "legend": {
          "calcs": [
            "mean",
            "lastNotNull",
            "max"
          ],
          "displayMode": "table",
          "placement": "bottom",
          "showLegend": true
        },
        "tooltip": {
          "mode": "single",
          "sort": "none"
        }
      },
      "pluginVersion": "8.1.8",
      "targets": [
        {
          "datasource": {
            "type": "prometheus",
            "uid": "prometheus"
          },
          "editorMode": "code",
          "exemplar": false,
          "expr": "avg(aws_fsx_disk_write_bytes_average{dimension_FileSystemId=~\"$Cluster\"}) by (dimension_FileSystemId)  / 1048576",
          "interval": "",
          "legendFormat": "{{dimension_FileSystemId}}_write_megabytes",
          "range": true,
          "refId": "A"
        },
        {
          "datasource": {
            "type": "prometheus",
            "uid": "prometheus"
          },
          "editorMode": "code",
          "exemplar": true,
          "expr": "avg(aws_fsx_disk_read_bytes_average{dimension_FileSystemId=~\"$Cluster\"}) by (dimension_FileSystemId)  / 1048576",
          "hide": false,
          "instant": false,
          "interval": "",
          "legendFormat": "{{dimension_FileSystemId}}_read_megabytes",
          "range": true,
          "refId": "B"
        },
        {
          "datasource": {
            "type": "prometheus",
            "uid": "prometheus"
          },
          "editorMode": "code",
          "exemplar": true,
          "expr": "sum(aws_fsx_disk_read_bytes_average{dimension_FileSystemId=~\"$Cluster\"} + aws_fsx_disk_write_bytes_average{dimension_FileSystemId=~\"$Cluster\"} ) by (dimension_FileSystemId) / 1048576",
          "hide": false,
          "instant": false,
          "interval": "",
          "legendFormat": "{{dimension_FileSystemId}}_sum_megabytes",
          "range": true,
          "refId": "C"
        }
      ],
      "title": "Disk Throughput",
      "transformations": [],
      "type": "timeseries"
    },
    {
      "description": "Average latency in microseconds for the WAFL filesystem to process all the operations on the volume; not including request processing or network communication time.",
      "fieldConfig": {
        "defaults": {
          "color": {
            "mode": "palette-classic"
          },
          "custom": {
            "axisLabel": "",
            "axisPlacement": "auto",
            "barAlignment": 0,
            "drawStyle": "line",
            "fillOpacity": 10,
            "gradientMode": "none",
            "hideFrom": {
              "legend": false,
              "tooltip": false,
              "viz": false
            },
            "lineInterpolation": "linear",
            "lineWidth": 1,
            "pointSize": 5,
            "scaleDistribution": {
              "type": "linear"
            },
            "showPoints": "auto",
            "spanNulls": true,
            "stacking": {
              "group": "A",
              "mode": "none"
            },
            "thresholdsStyle": {
              "mode": "off"
            }
          },
          "mappings": [],
          "min": 0,
          "thresholds": {
            "mode": "absolute",
            "steps": [
              {
                "color": "green",
                "value": null
              }
            ]
          },
          "unit": "percent"
        },
        "overrides": [
          {
            "__systemRef": "hideSeriesFrom",
            "matcher": {
              "id": "byNames",
              "options": {
                "mode": "exclude",
                "names": [
                  "fs-09261fd9478d5a3e5_network_throughput_utilization"
                ],
                "prefix": "All except:",
                "readOnly": true
              }
            },
            "properties": [
              {
                "id": "custom.hideFrom",
                "value": {
                  "legend": false,
                  "tooltip": false,
                  "viz": true
                }
              }
            ]
          }
        ]
      },
      "gridPos": {
        "h": 19,
        "w": 11,
        "x": 5,
        "y": 13
      },
      "id": 12,
      "options": {
        "legend": {
          "calcs": [
            "mean",
            "lastNotNull",
            "max"
          ],
          "displayMode": "table",
          "placement": "bottom",
          "showLegend": true
        },
        "tooltip": {
          "mode": "single",
          "sort": "none"
        }
      },
      "pluginVersion": "8.1.8",
      "targets": [
        {
          "datasource": {
            "type": "prometheus",
            "uid": "prometheus"
          },
          "editorMode": "code",
          "exemplar": false,
          "expr": "avg(aws_fsx_disk_iops_utilization_average{dimension_FileSystemId=~\"$Cluster\"}) by (dimension_FileSystemId)",
          "interval": "",
          "legendFormat": "{{dimension_FileSystemId}}_iops_utilization",
          "range": true,
          "refId": "A"
        },
        {
          "datasource": {
            "type": "prometheus",
            "uid": "prometheus"
          },
          "editorMode": "code",
          "expr": "avg(aws_fsx_network_throughput_utilization_average{dimension_FileSystemId=~\"$Cluster\"}) by (dimension_FileSystemId)",
          "hide": false,
          "instant": false,
          "legendFormat": "{{dimension_FileSystemId}}_network_throughput_utilization",
          "range": true,
          "refId": "B"
        },
        {
          "datasource": {
            "type": "prometheus",
            "uid": "prometheus"
          },
          "editorMode": "code",
          "exemplar": true,
          "expr": "avg(aws_fsx_file_server_disk_throughput_utilization_average{dimension_FileSystemId=~\"$Cluster\"}) by (dimension_FileSystemId)",
          "hide": false,
          "instant": false,
          "interval": "",
          "legendFormat": "{{dimension_FileSystemId}}_disk_throughput_utilization",
          "range": true,
          "refId": "C"
        }
      ],
      "title": "Utilization Percentage",
      "transformations": [],
      "transparent": true,
      "type": "timeseries"
    }
  ],
  "refresh": "",
  "schemaVersion": 34,
  "style": "dark",
  "tags": [
      "harvest",
      "ontap",
      "fsx"
  ],
  "templating": {
    "list": [
      {
        "current": {
          "selected": true,
          "text": [
            "fs-09261fd9478d5a3e5"
          ],
          "value": [
            "fs-09261fd9478d5a3e5"
          ]
        },
        "datasource": {
          "type": "prometheus",
          "uid": "prometheus"
        },
        "definition": "label_values(dimension_FileSystemId)",
        "hide": 0,
        "includeAll": false,
        "multi": true,
        "name": "Cluster",
        "options": [],
        "query": {
          "query": "label_values(dimension_FileSystemId)",
          "refId": "PrometheusVariableQueryEditor-VariableQuery"
        },
        "refresh": 2,
        "regex": "",
        "skipUrlSync": false,
        "sort": 1,
        "tagValuesQuery": "",
        "tagsQuery": "",
        "type": "query",
        "useTags": false
      }
    ]
  },
  "time": {
    "from": "now-1h",
    "to": "now"
  },
  "timepicker": {
    "refresh_intervals": [
      "10s",
      "30s",
      "1m",
      "5m",
      "15m",
      "30m",
      "1h",
      "2h",
      "1d"
    ]
  },
  "timezone": "",
  "title": "FSxN: Utilization",
  "uid": "c467bd93-f82b-4c34-8bc0-3a8b71e39898",
  "version": 2,
  "weekStart": ""
}
